{
  "iterations": [
    0,
    50,
    100,
    150,
    200,
    250,
    300,
    350,
    400,
    450,
    500,
    550,
    600,
    650,
    700,
    750,
    800,
    850,
    900,
    950,
    1000,
    1050,
    1100,
    1150,
    1200,
    1250,
    1300,
    1350,
    1400,
    1450,
    1500,
    1550,
    1600,
    1650,
    1700,
    1750,
    1800,
    1850,
    1900,
    1950,
    2000,
    2050,
    2100,
    2150,
    2200,
    2250,
    2300,
    2350,
    2400,
    2450,
    2500,
    2550,
    2600,
    2650,
    2700,
    2750,
    2800,
    2850,
    2900,
    2950,
    3000,
    3050,
    3100,
    3150,
    3200,
    3250,
    3300,
    3350,
    3400,
    3450,
    3500,
    3550,
    3600,
    3650,
    3700,
    3750,
    3800,
    3850,
    3900,
    3950,
    4000,
    4050,
    4100,
    4150,
    4200,
    4250,
    4300,
    4350,
    4400,
    4450,
    4500,
    4550,
    4600,
    4650,
    4700,
    4750,
    4800,
    4850,
    4900,
    4950
  ],
  "total_loss": [
    7.3002095222473145,
    3.589228630065918,
    3.1957523822784424,
    2.943253993988037,
    2.617198944091797,
    3.024444103240967,
    2.3103811740875244,
    2.8514223098754883,
    2.266009569168091,
    2.33860445022583,
    2.374683380126953,
    1.9920134544372559,
    2.3491201400756836,
    2.147921085357666,
    2.4841411113739014,
    2.118231773376465,
    2.0234286785125732,
    2.0743355751037598,
    2.212265729904175,
    2.5418100357055664,
    2.2035679817199707,
    2.0153346061706543,
    2.097071647644043,
    2.1044838428497314,
    2.004286766052246,
    2.2017927169799805,
    1.8681073188781738,
    2.0668487548828125,
    1.8351095914840698,
    1.9345523118972778,
    1.8292138576507568,
    2.009026050567627,
    1.8564385175704956,
    1.7910454273223877,
    1.9739701747894287,
    1.7437996864318848,
    1.7815220355987549,
    1.6255781650543213,
    1.6606069803237915,
    1.4526833295822144,
    1.5693113803863525,
    1.8715050220489502,
    1.696699857711792,
    1.6942801475524902,
    1.7216565608978271,
    1.6786476373672485,
    1.588468313217163,
    1.694429874420166,
    1.7322192192077637,
    1.6003303527832031,
    1.4795966148376465,
    1.485276699066162,
    1.515847086906433,
    1.5380011796951294,
    1.3784987926483154,
    1.7009656429290771,
    1.611483097076416,
    1.4119834899902344,
    1.6106172800064087,
    1.5123342275619507,
    1.374502182006836,
    1.4881552457809448,
    1.3600542545318604,
    1.293682336807251,
    1.3067646026611328,
    1.330038070678711,
    1.427525281906128,
    1.4482349157333374,
    1.3146909475326538,
    1.5063937902450562,
    1.4700661897659302,
    1.3093457221984863,
    1.2794314622879028,
    1.3526638746261597,
    1.4759634733200073,
    1.2946350574493408,
    1.4309159517288208,
    1.4294363260269165,
    1.4117889404296875,
    1.2787322998046875,
    1.440126895904541,
    1.419478416442871,
    1.4785751104354858,
    1.406435489654541,
    1.298180341720581,
    1.4813200235366821,
    1.4752116203308105,
    1.3595024347305298,
    1.2927619218826294,
    1.4727054834365845,
    1.399440050125122,
    1.1000709533691406,
    1.1942585706710815,
    1.3806514739990234,
    1.4295045137405396,
    1.210993766784668,
    1.4476964473724365,
    1.4234555959701538,
    1.2310611009597778,
    1.3395533561706543
  ],
  "learning_rate": [
    2.5e-07,
    2.5224999999999997e-05,
    5.0199999999999994e-05,
    7.5175e-05,
    0.00010015,
    0.000125125,
    0.0001501,
    0.00017507500000000001,
    0.00020004999999999998,
    0.00022502499999999998,
    0.00025,
    0.00025,
    0.00025,
    0.00025,
    0.00025,
    0.00025,
    0.00025,
    0.00025,
    0.00025,
    0.00025,
    0.00025,
    0.00025,
    0.00025,
    0.00025,
    0.00025,
    0.00025,
    0.00025,
    0.00025,
    0.00025,
    0.00025,
    0.00025,
    0.00025,
    0.00025,
    0.00025,
    0.00025,
    0.00025,
    0.00025,
    0.00025,
    0.00025,
    0.00025,
    0.00025,
    0.00025,
    0.00025,
    0.00025,
    0.00025,
    0.00025,
    0.00025,
    0.00025,
    0.00025,
    0.00025,
    0.00025,
    0.00025,
    0.00025,
    0.00025,
    0.00025,
    0.00025,
    0.00025,
    0.00025,
    0.00025,
    0.00025,
    2.5e-05,
    2.5e-05,
    2.5e-05,
    2.5e-05,
    2.5e-05,
    2.5e-05,
    2.5e-05,
    2.5e-05,
    2.5e-05,
    2.5e-05,
    2.5e-05,
    2.5e-05,
    2.5e-05,
    2.5e-05,
    2.5e-05,
    2.5e-05,
    2.5e-05,
    2.5e-05,
    2.5e-05,
    2.5e-05,
    2.5e-05,
    2.5e-05,
    2.5e-05,
    2.5e-05,
    2.5e-05,
    2.5e-05,
    2.5e-05,
    2.5e-05,
    2.5e-05,
    2.5e-05,
    2.5000000000000006e-06,
    2.5000000000000006e-06,
    2.5000000000000006e-06,
    2.5000000000000006e-06,
    2.5000000000000006e-06,
    2.5000000000000006e-06,
    2.5000000000000006e-06,
    2.5000000000000006e-06,
    2.5000000000000006e-06,
    2.5000000000000006e-06
  ],
  "validation_ap": [],
  "validation_iterations": []
}